id,name,country_id
"b02d6edb-b677-47ad-92a6-69a1434463a6","Cabo Delgado","a7b179d9-40fd-4c6e-81c0-4e0a0228ac2e"
"39e2ade4-e635-4da0-9efb-01f114bdbb22","Gaza","a7b179d9-40fd-4c6e-81c0-4e0a0228ac2e"
"c8e9e1ab-3ce6-4da0-ba67-5aa306502016","Inhambane","a7b179d9-40fd-4c6e-81c0-4e0a0228ac2e"
"aadf3027-69f5-401d-9f8d-fb7a2a499017","Manica","a7b179d9-40fd-4c6e-81c0-4e0a0228ac2e"
"57762d64-eb8d-40f4-9c1f-f16651f9efa1","Maputo City","a7b179d9-40fd-4c6e-81c0-4e0a0228ac2e"
"29979de1-5d08-4bd3-a8d2-d72070c945ba","Maputo","a7b179d9-40fd-4c6e-81c0-4e0a0228ac2e"
"4803fc04-3e0d-40d0-ba4d-53e658aa0fe7","Nampula","a7b179d9-40fd-4c6e-81c0-4e0a0228ac2e"
"e8e9dc05-3b83-4ded-8c6b-f01c1d61c80e","Niassa","a7b179d9-40fd-4c6e-81c0-4e0a0228ac2e"
"bf7189e4-8ae0-4e00-967e-da3f81810848","Sofala","a7b179d9-40fd-4c6e-81c0-4e0a0228ac2e"
"84c300dc-0bb7-49da-9b4c-69ba166482cf","Tete","a7b179d9-40fd-4c6e-81c0-4e0a0228ac2e"
"9589c3a6-a790-4394-8906-6a28faeed006","Zambezia","a7b179d9-40fd-4c6e-81c0-4e0a0228ac2e"
"41a3c4a9-95a7-4bce-be36-6ec9101a2052","Bulawayo","9f111abb-8d6a-4d08-9a5f-80df23b874e5"
"f2b2620b-c030-4448-af5b-a517ec980ef7","Harare","9f111abb-8d6a-4d08-9a5f-80df23b874e5"
"e7268d45-17f4-4fd5-8685-ce02d5257d16","Manicaland","9f111abb-8d6a-4d08-9a5f-80df23b874e5"
"934feabd-452a-4084-9f39-14266f37ac93","Mashonaland Central","9f111abb-8d6a-4d08-9a5f-80df23b874e5"
"a0ad3525-4a79-4d89-affc-a11efb293280","Mashonaland East","9f111abb-8d6a-4d08-9a5f-80df23b874e5"
"118cd254-64eb-4b28-884c-f97e38282251","Mashonaland West","9f111abb-8d6a-4d08-9a5f-80df23b874e5"
"842a5391-7f1f-449e-90d7-201d306ec5ff","Masvingo","9f111abb-8d6a-4d08-9a5f-80df23b874e5"
"613e083e-62a2-424a-b747-8607292cb169","Matabeleland North","9f111abb-8d6a-4d08-9a5f-80df23b874e5"
"2d2e235a-146a-4321-81ae-c25895bee5a1","Matabeleland South","9f111abb-8d6a-4d08-9a5f-80df23b874e5"
"753230fc-fe95-4b44-ba7d-5e9faf0055bb","Midlands","9f111abb-8d6a-4d08-9a5f-80df23b874e5"
"a815741e-d762-4e92-b4e2-543288affa9a","Central","9eb578f1-ce2a-4ed9-ba1b-7290912068a6"
"0ff0c135-66e1-432a-a5b5-8f009d596773","Copperbelt","9eb578f1-ce2a-4ed9-ba1b-7290912068a6"
"1acc3b21-e84c-4354-92e1-a1b70957b555","Eastern","9eb578f1-ce2a-4ed9-ba1b-7290912068a6"
"ac14414b-b34c-4997-b1b1-59e69d2e0946","Luapula","9eb578f1-ce2a-4ed9-ba1b-7290912068a6"
"ba6fe70d-e9c7-4b94-9b03-3c34cd2eca7c","Lusaka","9eb578f1-ce2a-4ed9-ba1b-7290912068a6"
"4203c990-4b06-4373-a735-e662a2f23fb0","Muchinga","9eb578f1-ce2a-4ed9-ba1b-7290912068a6"
"1b459d67-1050-4f11-94b9-33687d85021a","Northern","9eb578f1-ce2a-4ed9-ba1b-7290912068a6"
"a876bba9-e289-45ee-9c45-15cdea09ab92","North-Western","9eb578f1-ce2a-4ed9-ba1b-7290912068a6"
"c01a9b3a-65a8-4c6b-8f53-fa141ae5d5f0","Southern","9eb578f1-ce2a-4ed9-ba1b-7290912068a6"
"0bb42198-e82a-433a-bb0f-4a47daedf8e7","Western","9eb578f1-ce2a-4ed9-ba1b-7290912068a6"
