id,name,province_id
"f5889ee8-2e6b-4d98-8a4e-fc3af80a395b","Ancuabe","b02d6edb-b677-47ad-92a6-69a1434463a6"
"2dc8cbe2-d24e-421e-b9da-dd7b7a736d39","Balama","b02d6edb-b677-47ad-92a6-69a1434463a6"
"ea71ebff-cb96-4ae0-a6ee-12554dbc2212","Chiúre","b02d6edb-b677-47ad-92a6-69a1434463a6"
"2d7eaff3-1d67-4610-a2d5-b08d0d240e42","Ibo","b02d6edb-b677-47ad-92a6-69a1434463a6"
"c60da1ca-f53f-4b17-a98b-68b0994af65f","Macomia","b02d6edb-b677-47ad-92a6-69a1434463a6"
"80cbf4bc-f73c-42d4-b5bf-7f299c90b919","Mecúfi","b02d6edb-b677-47ad-92a6-69a1434463a6"
"7fff167c-31c9-4f2d-9869-8e2c3856106f","Meluco","b02d6edb-b677-47ad-92a6-69a1434463a6"
"f083db95-f7f2-4f1f-bcec-46c4cd7fd966","Mocímboa da Praia","b02d6edb-b677-47ad-92a6-69a1434463a6"
"1a6fbb2e-56f1-4866-80e4-9f57df4cbcb9","Montepuez","b02d6edb-b677-47ad-92a6-69a1434463a6"
"1a266bc3-5e88-4517-8b31-09f0dbb912c5","Mueda","b02d6edb-b677-47ad-92a6-69a1434463a6"
"b1984fc3-fc2c-4d32-b687-b139b244594f","Muidumbe","b02d6edb-b677-47ad-92a6-69a1434463a6"
"24d707e8-a8d0-4bcf-9439-1b75a1a9afdb","Namuno","b02d6edb-b677-47ad-92a6-69a1434463a6"
"16986a74-c5b5-4907-9c15-e9ec949d4403","Nangade","b02d6edb-b677-47ad-92a6-69a1434463a6"
"014217a8-d72c-4072-b9d6-d1cb53386033","Palma","b02d6edb-b677-47ad-92a6-69a1434463a6"
"c0d079aa-4633-48de-a44a-1db98af3fc22","Pemba-Metuge","b02d6edb-b677-47ad-92a6-69a1434463a6"
"cce00699-1810-4f63-b78b-9622062ff62d","Quissanga","b02d6edb-b677-47ad-92a6-69a1434463a6"
"9023e4ab-c5c7-4dfd-9fcf-eae75598f56d","Bilene Marcia","39e2ade4-e635-4da0-9efb-01f114bdbb22"
"d56d1ec4-3e17-4c71-af98-31b31f1f6c78","Chibuto","39e2ade4-e635-4da0-9efb-01f114bdbb22"
"1b4193be-1c03-482d-a782-7782c476a13f","Chicualacuala","39e2ade4-e635-4da0-9efb-01f114bdbb22"
"77535313-6995-490c-a469-5bc57a2ba458","Chigubo","39e2ade4-e635-4da0-9efb-01f114bdbb22"
"97c9e64e-cde4-4ee1-83f9-cb394c59bfaa","Chókwè","39e2ade4-e635-4da0-9efb-01f114bdbb22"
"fd29d9f5-7c39-4a73-941f-43e6e1fd5223","Guijá","39e2ade4-e635-4da0-9efb-01f114bdbb22"
"858864e8-0ad9-4467-bd76-9d1a69c13b47","Mabalane","39e2ade4-e635-4da0-9efb-01f114bdbb22"
"ce04efe9-d331-4ede-8068-5a7bab5e6826","Manjacaze","39e2ade4-e635-4da0-9efb-01f114bdbb22"
"5bdf017b-0e0b-4936-b1a6-ba86cda48d7e","Massangena","39e2ade4-e635-4da0-9efb-01f114bdbb22"
"546fe0f5-98c7-45af-9969-72fc9951cdd0","Massingir","39e2ade4-e635-4da0-9efb-01f114bdbb22"
"0430d34d-3022-4e14-bb1a-ea6deebcd561","Xai-Xai","39e2ade4-e635-4da0-9efb-01f114bdbb22"
"adc92686-397b-4271-b80e-38e473b5e207","Funhalouro","c8e9e1ab-3ce6-4da0-ba67-5aa306502016"
"ea89340f-7380-4a17-b40d-5861015df59b","Govuro","c8e9e1ab-3ce6-4da0-ba67-5aa306502016"
"7274cbe4-b65d-432d-bf71-107cdb5873ef","Homoine","c8e9e1ab-3ce6-4da0-ba67-5aa306502016"
"617c00f6-ebd8-4fc8-97ba-1c4673e8ec41","Inharrime","c8e9e1ab-3ce6-4da0-ba67-5aa306502016"
"2e3560d8-4a4e-4382-b49c-ab452659b2b7","Inhassoro","c8e9e1ab-3ce6-4da0-ba67-5aa306502016"
"38b5d4df-e786-4b5c-b9fb-3b359347ed35","Jangamo","c8e9e1ab-3ce6-4da0-ba67-5aa306502016"
"8eeb85f6-c146-4a5e-82a3-4cf16df16975","Mabote","c8e9e1ab-3ce6-4da0-ba67-5aa306502016"
"8fbf82d3-c3f6-4e5a-bf1f-895c9a1c6020","Massinga","c8e9e1ab-3ce6-4da0-ba67-5aa306502016"
"cdc8c35f-3597-491a-8890-f482da357b3e","Morrumbene","c8e9e1ab-3ce6-4da0-ba67-5aa306502016"
"ea3f52d9-e713-4ec4-8735-4f4f567799dc","Panda","c8e9e1ab-3ce6-4da0-ba67-5aa306502016"
"3ece54bc-3fa2-4471-948f-e4f24054a334","Vilanculos","c8e9e1ab-3ce6-4da0-ba67-5aa306502016"
"4dcd567e-a157-4abc-bd91-25233c1ab06d","Zavala","c8e9e1ab-3ce6-4da0-ba67-5aa306502016"
"bb3aaf55-77a1-4b4e-8110-97d92e1e38a1","Báruè","aadf3027-69f5-401d-9f8d-fb7a2a499017"
"d63448fd-12cf-4ccd-be1b-3ec6226bc7a9","Gondola","aadf3027-69f5-401d-9f8d-fb7a2a499017"
"3e937d88-6801-4c73-a495-5955afc89ab7","Guro","aadf3027-69f5-401d-9f8d-fb7a2a499017"
"f2f46213-2e81-47b0-8bd8-85ec1e085e74","Machaze","aadf3027-69f5-401d-9f8d-fb7a2a499017"
"156d8ef1-a5c0-47f6-a0b7-cb308745fea3","Macossa","aadf3027-69f5-401d-9f8d-fb7a2a499017"
"aa1b4c5e-caba-4822-933e-3403d1941449","Manica","aadf3027-69f5-401d-9f8d-fb7a2a499017"
"d881e331-1d48-4b16-8272-c77e7d134765","Mossurize","aadf3027-69f5-401d-9f8d-fb7a2a499017"
"2ebda0ab-edb2-486a-9b14-cbe6251aedce","Sussundenga","aadf3027-69f5-401d-9f8d-fb7a2a499017"
"0ae7b511-dcf4-4afc-b428-f5a8e4b727a9","Tambara","aadf3027-69f5-401d-9f8d-fb7a2a499017"
"e8902557-7255-413a-b351-0731de6dbed4","Maputo","57762d64-eb8d-40f4-9c1f-f16651f9efa1"
"fba380ae-c254-46e1-943a-c891f05b0952","Boane","29979de1-5d08-4bd3-a8d2-d72070c945ba"
"857a340d-7fb5-4f7b-b7f6-a15277c3c3b4","Magude","29979de1-5d08-4bd3-a8d2-d72070c945ba"
"b1eda1ec-438a-4986-8f35-f3eb4ccbc604","Manhiça","29979de1-5d08-4bd3-a8d2-d72070c945ba"
"ffa09e9d-45e7-4e00-8920-8611f4c7d159","Marracuene","29979de1-5d08-4bd3-a8d2-d72070c945ba"
"be283435-bdb7-4906-a283-12d2da157da7","Matutuíne","29979de1-5d08-4bd3-a8d2-d72070c945ba"
"5d02c77d-0468-429d-a17b-dee30dfa3a45","Moamba","29979de1-5d08-4bd3-a8d2-d72070c945ba"
"8dcab7f8-f3cd-4b27-98cc-2cb75c7b6cb8","Namaacha","29979de1-5d08-4bd3-a8d2-d72070c945ba"
"fec97db2-8ea0-4b23-832b-ec48d3614e0d","Angoche","4803fc04-3e0d-40d0-ba4d-53e658aa0fe7"
"27776edf-76bd-4414-9951-faa913af1d74","Eráti","4803fc04-3e0d-40d0-ba4d-53e658aa0fe7"
"13094914-0e79-4f93-a0bb-96f4d5a3e3a6","Lalaua","4803fc04-3e0d-40d0-ba4d-53e658aa0fe7"
"52cb01d1-2ca8-48d5-866b-ae24bf74a9b2","Malema","4803fc04-3e0d-40d0-ba4d-53e658aa0fe7"
"2ab62568-9f01-4568-846a-a5b0504a065d","Meconta","4803fc04-3e0d-40d0-ba4d-53e658aa0fe7"
"f6f4a086-179c-4ea2-856c-fb90d504b4aa","Mecubúri","4803fc04-3e0d-40d0-ba4d-53e658aa0fe7"
"8166683d-e785-4143-a06a-06963b77d0a0","Memba","4803fc04-3e0d-40d0-ba4d-53e658aa0fe7"
"4725f51a-b557-4f27-9d16-34be6c4f6a9f","Mogincual","4803fc04-3e0d-40d0-ba4d-53e658aa0fe7"
"99047ebe-d0a4-46f3-8063-de57bf1da203","Mogovolas","4803fc04-3e0d-40d0-ba4d-53e658aa0fe7"
"7775519c-1cae-444c-8d2c-27285039f2e1","Moma","4803fc04-3e0d-40d0-ba4d-53e658aa0fe7"
"22dc8cd7-977f-4aca-9d9c-60c841b7bf0b","Monapo","4803fc04-3e0d-40d0-ba4d-53e658aa0fe7"
"d6713d11-e63e-4e3b-ad37-8b53ee21ed4e","Mossuril","4803fc04-3e0d-40d0-ba4d-53e658aa0fe7"
"f4e5f3a3-9b9d-4200-9dd2-d4f80ee3dbd9","Muecate","4803fc04-3e0d-40d0-ba4d-53e658aa0fe7"
"d9933e3d-d65a-44ab-88e3-a51bcc542b4c","Murrupula","4803fc04-3e0d-40d0-ba4d-53e658aa0fe7"
"240a062a-5085-4175-b2d5-e7b87ec1baff","Nacala-a-Velha","4803fc04-3e0d-40d0-ba4d-53e658aa0fe7"
"7fa3cb27-c85b-4497-984a-408797fc51e2","Nacarôa","4803fc04-3e0d-40d0-ba4d-53e658aa0fe7"
"f362e9d3-3e20-48a8-be14-8fab254a424a","Nampula","4803fc04-3e0d-40d0-ba4d-53e658aa0fe7"
"f1f0cd93-bb78-41d2-83ce-e0a43f7ff157","Ribáuè","4803fc04-3e0d-40d0-ba4d-53e658aa0fe7"
"c42d0f1f-9f28-4b9e-99cb-e9f46b9f32cd","Cuamba","e8e9dc05-3b83-4ded-8c6b-f01c1d61c80e"
"3a15eef8-dff2-42b4-b4ec-6e05b7624f77","Lago","e8e9dc05-3b83-4ded-8c6b-f01c1d61c80e"
"663c3a38-ca1e-4a06-bcf4-251db31e2a9b","Lichinga","e8e9dc05-3b83-4ded-8c6b-f01c1d61c80e"
"dbf81eec-f717-4037-80f0-b7f38ae6359e","Majune","e8e9dc05-3b83-4ded-8c6b-f01c1d61c80e"
"e6ea6f4c-c407-4acf-b3a6-8027ab0a721d","Mandimba","e8e9dc05-3b83-4ded-8c6b-f01c1d61c80e"
"e1ac839c-9eb5-4126-bb22-e82076ac5643","Marrupa","e8e9dc05-3b83-4ded-8c6b-f01c1d61c80e"
"7a6d8011-5370-4920-adce-bf8f2ba6adcf","Maúa","e8e9dc05-3b83-4ded-8c6b-f01c1d61c80e"
"36e53a5f-30ac-417f-aab9-d8907670423c","Mavagoago","e8e9dc05-3b83-4ded-8c6b-f01c1d61c80e"
"66054a4c-c163-4c89-95cf-d5310b9ef26e","Mecanhelas","e8e9dc05-3b83-4ded-8c6b-f01c1d61c80e"
"a31feb9d-dfa5-41fb-ab7f-7dffe838c548","Mecula","e8e9dc05-3b83-4ded-8c6b-f01c1d61c80e"
"0278f8a8-0c14-4507-a246-d320c89c3c51","Metarica","e8e9dc05-3b83-4ded-8c6b-f01c1d61c80e"
"9953c3ea-5712-481f-892e-d826cad60c0e","Muembe","e8e9dc05-3b83-4ded-8c6b-f01c1d61c80e"
"d80531a4-edd6-4c42-be7f-50b3709722d2","N'gauma","e8e9dc05-3b83-4ded-8c6b-f01c1d61c80e"
"1f3e8833-10dc-40fa-bc22-1f0f34067b72","Nipepe","e8e9dc05-3b83-4ded-8c6b-f01c1d61c80e"
"0ed2939f-44f1-4d69-a6e6-08713ac73fb3","Sanga","e8e9dc05-3b83-4ded-8c6b-f01c1d61c80e"
"86144683-6aba-4fa5-af8e-1aa44c39761c","Buzi","bf7189e4-8ae0-4e00-967e-da3f81810848"
"9006d4ae-b166-4356-8ef6-322695e985dd","Caia","bf7189e4-8ae0-4e00-967e-da3f81810848"
"7c5cdbc0-acfd-4e9c-b923-760a33dfaee5","Chemba","bf7189e4-8ae0-4e00-967e-da3f81810848"
"2bb05000-101f-4301-8873-10f593ec1c5f","Cheringoma","bf7189e4-8ae0-4e00-967e-da3f81810848"
"46d30b28-b969-438c-b444-f1a4355304c7","Chibabava","bf7189e4-8ae0-4e00-967e-da3f81810848"
"baa814de-bd28-4060-b258-9ef86bb4fb84","Dondo","bf7189e4-8ae0-4e00-967e-da3f81810848"
"7774a78e-6ad6-4a4e-b58a-5fb4060d8d3a","Gorongosa","bf7189e4-8ae0-4e00-967e-da3f81810848"
"89871f6a-8c5a-4560-ba5a-2bd15c4e3c0c","Marromeu","bf7189e4-8ae0-4e00-967e-da3f81810848"
"be42de52-1825-4494-aa70-8ed3a7a94511","Machanga","bf7189e4-8ae0-4e00-967e-da3f81810848"
"c91a52a4-5732-47e3-bcf2-292c02047ec2","Maringué","bf7189e4-8ae0-4e00-967e-da3f81810848"
"49bb826d-d05b-4b56-b8a6-b2b251f55a32","Muanza","bf7189e4-8ae0-4e00-967e-da3f81810848"
"c0349594-ea18-416b-81a6-a70d8ddd33ca","Nhamatanda","bf7189e4-8ae0-4e00-967e-da3f81810848"
"e4be4966-10ea-4d29-b325-08789b695230","Angónia","84c300dc-0bb7-49da-9b4c-69ba166482cf"
"d4d374c8-0d6e-4012-8f8f-9c7c0f7046fb","Cahora-Bassa","84c300dc-0bb7-49da-9b4c-69ba166482cf"
"b1e10c0c-b5d0-46c5-9515-1f4b3fa90a12","Changara","84c300dc-0bb7-49da-9b4c-69ba166482cf"
"83589148-aecc-49a5-b788-9d78d69cf428","Chifunde","84c300dc-0bb7-49da-9b4c-69ba166482cf"
"89074669-b239-41c9-88bd-333a033bccff","Chiuta","84c300dc-0bb7-49da-9b4c-69ba166482cf"
"f2dd8b8c-f9b0-4f45-8d05-19efe1e30aaa","Doa","84c300dc-0bb7-49da-9b4c-69ba166482cf"
"82508e83-42bf-4313-8bda-48b9a034e37c","Macanga","84c300dc-0bb7-49da-9b4c-69ba166482cf"
"a7644a35-671d-422c-b7c0-ddf68a2b82b9","Magoé","84c300dc-0bb7-49da-9b4c-69ba166482cf"
"f1df38ab-6e3c-4799-9ee2-ee6ac5c21479","Marávia","84c300dc-0bb7-49da-9b4c-69ba166482cf"
"7ec42f5a-dd5d-4ee3-a145-6961fec44862","Moatize","84c300dc-0bb7-49da-9b4c-69ba166482cf"
"d07d9fec-5228-4fb3-8905-69a2f688c0c7","Mutarara","84c300dc-0bb7-49da-9b4c-69ba166482cf"
"7a4bd512-48aa-41d8-8eba-a2501250e446","Tsangano","84c300dc-0bb7-49da-9b4c-69ba166482cf"
"001f5c45-92f5-4731-8831-4d4d800b7ab9","Zumbo","84c300dc-0bb7-49da-9b4c-69ba166482cf"
"83514762-db3b-476b-8a52-a556ac72d5e1","Alto Molocue","9589c3a6-a790-4394-8906-6a28faeed006"
"7fca4f4d-4cd1-4813-be34-2a4f9f05acf4","Chinde","9589c3a6-a790-4394-8906-6a28faeed006"
"ce628fad-988c-4f90-b722-ea5fb34d8e21","Gilé","9589c3a6-a790-4394-8906-6a28faeed006"
"168821fd-607c-4ea6-8853-1654f3df3c38","Gurué","9589c3a6-a790-4394-8906-6a28faeed006"
"2d29b97e-56da-49a9-b42f-e905c77af9ec","Ile","9589c3a6-a790-4394-8906-6a28faeed006"
"9d5d2e5e-452b-49db-bf66-63f041200423","Inhassunge","9589c3a6-a790-4394-8906-6a28faeed006"
"8c7fbf26-f79f-4752-aa6d-f981922dd2de","Lugela","9589c3a6-a790-4394-8906-6a28faeed006"
"9ea842b6-1ef7-418e-99ab-2658f045750c","Maganja da Costa","9589c3a6-a790-4394-8906-6a28faeed006"
"c2a0b24a-c434-481a-a530-bab6287338b4","Milange","9589c3a6-a790-4394-8906-6a28faeed006"
"de38c5ce-39f0-4941-a369-0861bdb1d7be","Mocuba","9589c3a6-a790-4394-8906-6a28faeed006"
"49609652-6d1d-407e-a136-250a3d86205a","Mopeia","9589c3a6-a790-4394-8906-6a28faeed006"
"a494ea2a-6f5d-4d5c-b59a-77c7df76edae","Morrumbala","9589c3a6-a790-4394-8906-6a28faeed006"
"6b2a0547-80d1-4a97-9a45-cea204699889","Namacurra","9589c3a6-a790-4394-8906-6a28faeed006"
"44faeaee-d077-4952-9a3e-2336d5003a3d","Namarroi","9589c3a6-a790-4394-8906-6a28faeed006"
"9f518f4c-dd96-49cf-8c5f-3f4a0d0fc605","Nicoadala","9589c3a6-a790-4394-8906-6a28faeed006"
"f6e187c9-5636-4265-a752-71fe716c09d1","Pebane","9589c3a6-a790-4394-8906-6a28faeed006"
"b30bd0b6-e8d8-4126-92fd-5950165fe8e2","Bulawayo","41a3c4a9-95a7-4bce-be36-6ec9101a2052"
"d47bd6dc-f353-4051-a5ef-fc4cd8205ace","Harare","f2b2620b-c030-4448-af5b-a517ec980ef7"
"f025a86b-fa40-4bcb-a17b-3062d8e7ce60","Chitungwiza","f2b2620b-c030-4448-af5b-a517ec980ef7"
"9cc3a45d-7809-49e2-9f9c-c36d0699dc9f","Epworth","f2b2620b-c030-4448-af5b-a517ec980ef7"
"5aa5808f-98b6-4847-8152-a0a8986b0364","Buhera","e7268d45-17f4-4fd5-8685-ce02d5257d16"
"8c49796e-30c5-4e27-b6d8-516289047504","Chimanimani","e7268d45-17f4-4fd5-8685-ce02d5257d16"
"4d0174bd-2a11-4eaa-8d9a-8d1f799fcf50","Chipinge","e7268d45-17f4-4fd5-8685-ce02d5257d16"
"d6e8bd70-a6cf-4ec3-b995-01a7f85f8942","Makoni","e7268d45-17f4-4fd5-8685-ce02d5257d16"
"4737a8cd-04a9-403b-a4c0-2cdda6f9b96e","Mutare","e7268d45-17f4-4fd5-8685-ce02d5257d16"
"0a06eaa6-7243-4f09-b1d4-f55a6b21d44d","Mutasa","e7268d45-17f4-4fd5-8685-ce02d5257d16"
"a742ef39-53ef-4e46-86a6-2632f0ea0273","Nyanga","e7268d45-17f4-4fd5-8685-ce02d5257d16"
"7f30dc4f-1064-425c-a792-e70bf3dc77b7","Bindura","934feabd-452a-4084-9f39-14266f37ac93"
"312dd63c-e0ea-479e-8897-0fe8393e24da","Guruve","934feabd-452a-4084-9f39-14266f37ac93"
"0d152043-5b2b-4621-9d48-ffdbe323a27c","Mazowe","934feabd-452a-4084-9f39-14266f37ac93"
"50c64ed2-e389-4a22-962e-105858738af2","Mbire","934feabd-452a-4084-9f39-14266f37ac93"
"c64c0580-d4ff-4f30-8252-24dac9981f95","Mount Darwin","934feabd-452a-4084-9f39-14266f37ac93"
"b8b128cf-c628-4408-8ee9-80cee80b7d30","Muzarabani","934feabd-452a-4084-9f39-14266f37ac93"
"f1c6b56a-4e2d-4ded-8880-47e5f03dffa9","Rushinga","934feabd-452a-4084-9f39-14266f37ac93"
"fbf87e1e-030d-4716-92fc-2e0dced10671","Shamva","934feabd-452a-4084-9f39-14266f37ac93"
"e1c085d0-6072-498e-8703-f50401de0cba","Chikomba","a0ad3525-4a79-4d89-affc-a11efb293280"
"559bb6ee-7eb2-449f-a850-1686118d330f","Goromonzi","a0ad3525-4a79-4d89-affc-a11efb293280"
"50051d4e-0be0-4fb8-af46-fe8066003acf","Marondera","a0ad3525-4a79-4d89-affc-a11efb293280"
"d2629605-6f17-4dcb-aeaa-0ffcec02f400","Mudzi","a0ad3525-4a79-4d89-affc-a11efb293280"
"17d1f670-841e-4207-8162-b6213969af05","Murehwa","a0ad3525-4a79-4d89-affc-a11efb293280"
"689bbd2e-eea2-4a10-bcfb-f2fb5a195c81","Mutoko","a0ad3525-4a79-4d89-affc-a11efb293280"
"7b0b9abb-79c7-43dc-beb1-edaa117edc7a","Seke","a0ad3525-4a79-4d89-affc-a11efb293280"
"c18781a2-6965-4ebf-8dec-25e8863bb9fc","UMP (Uzumba-Maramba-Pfungwe)","a0ad3525-4a79-4d89-affc-a11efb293280"
"8d762057-c6f3-4074-9828-b0ec3a7b5385","Wedza (Hwedza)","a0ad3525-4a79-4d89-affc-a11efb293280"
"03725812-965f-4634-acde-8acd4a16b64b","Chegutu","118cd254-64eb-4b28-884c-f97e38282251"
"55cf7ab6-1638-416c-84f1-169671d473d7","Hurungwe","118cd254-64eb-4b28-884c-f97e38282251"
"7a008db1-c119-44b2-9760-918d853977a8","Kariba","118cd254-64eb-4b28-884c-f97e38282251"
"bf927799-f8ed-4904-b407-08face5e9a5e","Makonde","118cd254-64eb-4b28-884c-f97e38282251"
"7f935e4b-a040-4e0a-bd36-9a074a1f493e","Mhondoro-Ngezi","118cd254-64eb-4b28-884c-f97e38282251"
"2a68a7d2-3ada-4cac-a881-170132cc3fa3","Sanyati","118cd254-64eb-4b28-884c-f97e38282251"
"58133e86-eaab-437c-95ce-116c6de04ad0","Zvimba","118cd254-64eb-4b28-884c-f97e38282251"
"7887992a-7e65-43d5-b7d3-1e7c18dac83e","Bikita","842a5391-7f1f-449e-90d7-201d306ec5ff"
"f74233de-e4e6-4bab-bc6f-1f95d51c2826","Chiredzi","842a5391-7f1f-449e-90d7-201d306ec5ff"
"cad2bb10-fa31-4e4f-91ec-491d1f01037a","Chivi","842a5391-7f1f-449e-90d7-201d306ec5ff"
"1d6703f9-4152-4f87-8255-2b1f823fd07f","Gutu","842a5391-7f1f-449e-90d7-201d306ec5ff"
"24bc5c1f-c20c-4938-b67c-f633a0bdcef5","Masvingo","842a5391-7f1f-449e-90d7-201d306ec5ff"
"1084d203-fa2e-49b3-a9ed-2d00e2768d99","Mwenezi","842a5391-7f1f-449e-90d7-201d306ec5ff"
"1c8e915c-95f2-4be1-b254-6d5a52e77c1e","Zaka","842a5391-7f1f-449e-90d7-201d306ec5ff"
"c725a37f-362b-480a-b086-501783a92b41","Binga","613e083e-62a2-424a-b747-8607292cb169"
"779a8b52-1307-4050-b25b-feab5fa93c12","Bubi","613e083e-62a2-424a-b747-8607292cb169"
"3db83e1a-389a-414e-b217-5011a4397be2","Hwange","613e083e-62a2-424a-b747-8607292cb169"
"2459ce4e-728a-4707-91e1-fd194e9ae17c","Lupane","613e083e-62a2-424a-b747-8607292cb169"
"a1dcb493-7c2e-4a0b-b863-a1bbeb9bc0ba","Nkayi","613e083e-62a2-424a-b747-8607292cb169"
"f74d497b-f793-498a-967c-8f4c6e7d7625","Tsholotsho","613e083e-62a2-424a-b747-8607292cb169"
"54a11814-b45d-4ee1-80af-a5b5eaed5697","Umguza","613e083e-62a2-424a-b747-8607292cb169"
"15509d20-ee06-4264-844e-08736ac53637","Beitbridge","2d2e235a-146a-4321-81ae-c25895bee5a1"
"6ac46c8a-08ad-4f83-81ae-a1464ef16a90","Bulilima","2d2e235a-146a-4321-81ae-c25895bee5a1"
"05d51366-9640-4ff1-b4a8-11d4e35d2dd3","Gwanda","2d2e235a-146a-4321-81ae-c25895bee5a1"
"20882c09-3656-4fec-a281-11b7e24eb399","Insiza","2d2e235a-146a-4321-81ae-c25895bee5a1"
"e92262b8-bf28-4863-85ad-283bbfca09e9","Mangwe","2d2e235a-146a-4321-81ae-c25895bee5a1"
"a2290577-1d0f-4034-95ae-ea2964778f99","Matobo","2d2e235a-146a-4321-81ae-c25895bee5a1"
"6734a7bb-a48d-4fec-92e5-f07626e61ea9","Umzingwane","2d2e235a-146a-4321-81ae-c25895bee5a1"
"91994d6f-f64b-4a18-af36-021bd822ec10","Chirumhanzu","753230fc-fe95-4b44-ba7d-5e9faf0055bb"
"461a7115-8e96-4f4d-a7b2-34669592d1d3","Gokwe North","753230fc-fe95-4b44-ba7d-5e9faf0055bb"
"3941be59-b655-4a58-bd96-0616b4c0458a","Gokwe South","753230fc-fe95-4b44-ba7d-5e9faf0055bb"
"73658088-607c-4995-b2b6-abbe097a548f","Gweru","753230fc-fe95-4b44-ba7d-5e9faf0055bb"
"ca3f7d1e-e8a7-43c0-b16e-f709dc6c0fde","Kwekwe","753230fc-fe95-4b44-ba7d-5e9faf0055bb"
"9e134ca3-5900-4abf-8e07-ba0d2b73c1cb","Mberengwa","753230fc-fe95-4b44-ba7d-5e9faf0055bb"
"276244b3-126c-4817-beab-e07adb57ac28","Shurugwi","753230fc-fe95-4b44-ba7d-5e9faf0055bb"
"7f02eecd-51f3-4862-97ec-b4a2f399128a","Zvishavane","753230fc-fe95-4b44-ba7d-5e9faf0055bb"
"04674b12-2827-49f8-b5d5-0574e2f0b178","Chibombo","a815741e-d762-4e92-b4e2-543288affa9a"
"7f78274e-aea6-4fcc-a64a-8701d24ad673","Chisamba","a815741e-d762-4e92-b4e2-543288affa9a"
"38652646-b3ac-448b-b3fd-34dd13c27727","Chitambo","a815741e-d762-4e92-b4e2-543288affa9a"
"563f630a-c861-40e9-8d2a-17251dff0e8f","Kabwe","a815741e-d762-4e92-b4e2-543288affa9a"
"a80d999b-0e4f-4f98-923e-598888d84573","Kapiri Mposhi","a815741e-d762-4e92-b4e2-543288affa9a"
"7553d243-a5d9-43d2-9fc0-cc920c469981","Luano","a815741e-d762-4e92-b4e2-543288affa9a"
"18b4f80f-5714-4780-a81d-e3261932274b","Mkushi","a815741e-d762-4e92-b4e2-543288affa9a"
"a6f1ff99-385e-40b7-8f2f-dd0dedd36be7","Mumbwa","a815741e-d762-4e92-b4e2-543288affa9a"
"0690fb67-1013-4176-8caf-563df8a3cf9d","Ngabwe","a815741e-d762-4e92-b4e2-543288affa9a"
"7c5e98b2-8b6f-4eea-92a6-3875679a99b8","Serenje","a815741e-d762-4e92-b4e2-543288affa9a"
"a0d0e24d-f1e7-4504-8a93-ae387113083f","Shibuyunji","a815741e-d762-4e92-b4e2-543288affa9a"
"60c66b2a-2d12-4cf9-ab7e-1b2791ddcf84","Chililabombwe","0ff0c135-66e1-432a-a5b5-8f009d596773"
"498beee7-a55d-4dad-85f3-cceafd30e80f","Chingola","0ff0c135-66e1-432a-a5b5-8f009d596773"
"64398c07-24ce-45e7-af15-c9b310f003d2","Kalulushi","0ff0c135-66e1-432a-a5b5-8f009d596773"
"a891e80f-d7d0-4ed4-901b-a29490445db2","Kitwe","0ff0c135-66e1-432a-a5b5-8f009d596773"
"5ec87c41-ec7e-4707-8be0-f48bd9dc3a30","Luanshya","0ff0c135-66e1-432a-a5b5-8f009d596773"
"20e977f9-6dac-4cb8-8653-eac0119765c0","Lufwanyama","0ff0c135-66e1-432a-a5b5-8f009d596773"
"990e81ae-a35d-476c-bf05-26d10666e402","Masaiti","0ff0c135-66e1-432a-a5b5-8f009d596773"
"d023de02-eb74-4219-868d-a42a6c1bb08b","Mpongwe","0ff0c135-66e1-432a-a5b5-8f009d596773"
"33f9ffba-b5b5-434c-bf86-c61519f2c2b7","Mufulira","0ff0c135-66e1-432a-a5b5-8f009d596773"
"91d3deab-1714-4c2c-9169-5bc8f7dcbe75","Ndola","0ff0c135-66e1-432a-a5b5-8f009d596773"
"bf8784c2-ce18-4f40-8a2a-87d2ce773027","Chadiza","1acc3b21-e84c-4354-92e1-a1b70957b555"
"362d3a5a-117c-447d-a7e9-d25e14ffdc24","Chama","1acc3b21-e84c-4354-92e1-a1b70957b555"
"dc52063f-aadf-443c-818b-2b3c01e621e6","Chasefu","1acc3b21-e84c-4354-92e1-a1b70957b555"
"44cc2065-96bd-42f4-b6ca-fa8c1fd8b4ce","Chipangali","1acc3b21-e84c-4354-92e1-a1b70957b555"
"a3dd15bf-fd50-448f-9df3-969b9569991c","Chipata","1acc3b21-e84c-4354-92e1-a1b70957b555"
"728284d0-a638-45db-9804-ea6590bb0fee","Kasenengwa","1acc3b21-e84c-4354-92e1-a1b70957b555"
"e8ce6f55-d838-4550-998e-7ce2c848dea5","Katete","1acc3b21-e84c-4354-92e1-a1b70957b555"
"309280fc-5dc3-4a6d-a2ea-bf78ea164b20","Lumezi","1acc3b21-e84c-4354-92e1-a1b70957b555"
"87c56d16-e1a0-4832-bf33-9a9475aea489","Lundazi","1acc3b21-e84c-4354-92e1-a1b70957b555"
"fd06126d-94d1-4262-8402-1382902b6a38","Lusangazi","1acc3b21-e84c-4354-92e1-a1b70957b555"
"e2407937-939f-417f-86a1-7fc97d9039c6","Mambwe","1acc3b21-e84c-4354-92e1-a1b70957b555"
"307a1ffa-1cb4-4ef6-a7e3-db9263465bc5","Nyimba","1acc3b21-e84c-4354-92e1-a1b70957b555"
"a1b897b3-a823-4676-a2d0-cebce143f714","Petauke","1acc3b21-e84c-4354-92e1-a1b70957b555"
"83a95a45-4695-4bab-b69f-fb7479b6c22d","Sinda","1acc3b21-e84c-4354-92e1-a1b70957b555"
"66f85a3d-bc51-4b2f-ba6f-47082328f49d","Vubwi","1acc3b21-e84c-4354-92e1-a1b70957b555"
"f49db699-d732-4a69-9524-12fae12383ee","Chembe","ac14414b-b34c-4997-b1b1-59e69d2e0946"
"1c59b05c-6e90-4b9c-a088-674681939869","Chiengi","ac14414b-b34c-4997-b1b1-59e69d2e0946"
"e733337d-d06e-498e-b5ad-0b54b1066132","Chifunabuli","ac14414b-b34c-4997-b1b1-59e69d2e0946"
"f6f02c3e-e6e7-4929-ad86-993250f1f9c0","Chipili","ac14414b-b34c-4997-b1b1-59e69d2e0946"
"c707de9d-cfcb-448c-a848-3a4e2b394630","Kawambwa","ac14414b-b34c-4997-b1b1-59e69d2e0946"
"4bb6b609-fbf0-4b98-ba8b-5daad75a208d","Lunga","ac14414b-b34c-4997-b1b1-59e69d2e0946"
"179ff2ac-429c-4757-b51f-8dddb563dc57","Mansa","ac14414b-b34c-4997-b1b1-59e69d2e0946"
"9ad62b38-b740-4fc2-9434-25258e52ee83","Milenge","ac14414b-b34c-4997-b1b1-59e69d2e0946"
"b9179092-5151-4ccf-a634-5c5716131ed4","Mwansabombwe","ac14414b-b34c-4997-b1b1-59e69d2e0946"
"826f53ed-8194-40d2-9ff4-17e5d768bba6","Mwense","ac14414b-b34c-4997-b1b1-59e69d2e0946"
"f8d373a6-cda5-45bc-999c-2ac21833116e","Nchelenge","ac14414b-b34c-4997-b1b1-59e69d2e0946"
"9cc25c89-8456-4a10-8b68-dd858dd9b06f","Samfya","ac14414b-b34c-4997-b1b1-59e69d2e0946"
"00a0078c-b823-484e-b240-6ce91ad63085","Chilanga","ba6fe70d-e9c7-4b94-9b03-3c34cd2eca7c"
"ef17432e-c395-4e23-95d2-71a1cbe2461c","Chongwe","ba6fe70d-e9c7-4b94-9b03-3c34cd2eca7c"
"58b6b32d-4a9c-4cf6-b9dd-6c138ffaa09b","Kafue","ba6fe70d-e9c7-4b94-9b03-3c34cd2eca7c"
"6a40c08c-a3ac-4187-bb74-172f4ad82af1","Luangwa","ba6fe70d-e9c7-4b94-9b03-3c34cd2eca7c"
"d13e42b1-87e0-4e8a-93af-2dab3adbfd38","Lusaka","ba6fe70d-e9c7-4b94-9b03-3c34cd2eca7c"
"2e10b5a9-d390-47d1-a7d5-a6c898a3393f","Rufunsa","ba6fe70d-e9c7-4b94-9b03-3c34cd2eca7c"
"574c6b54-457e-403e-8627-8228b9eee5bd","Chinsali","4203c990-4b06-4373-a735-e662a2f23fb0"
"9001c802-d97d-48dd-8ed8-6e849766ebfc","Isoka","4203c990-4b06-4373-a735-e662a2f23fb0"
"8478839a-960b-4650-bc29-203c81bc5ae5","Kanchibiya","4203c990-4b06-4373-a735-e662a2f23fb0"
"89a70143-e78f-4caf-b49a-f7f813675b46","Lavushimanda","4203c990-4b06-4373-a735-e662a2f23fb0"
"7080ed51-a6dc-4a66-8248-4bd02b4f068c","Mafinga","4203c990-4b06-4373-a735-e662a2f23fb0"
"09aca5ff-2856-4eb2-9d6e-187c2c04fff3","Mpika","4203c990-4b06-4373-a735-e662a2f23fb0"
"d2d341f4-0cc3-47aa-89d6-323165e73220","Nakonde","4203c990-4b06-4373-a735-e662a2f23fb0"
"b137dab5-5dec-4d16-a090-a7e4460bafd1","Shiwang'andu","4203c990-4b06-4373-a735-e662a2f23fb0"
"c4fb19bf-de58-4bf4-87ab-bfd52b4ab6dc","Chilubi","1b459d67-1050-4f11-94b9-33687d85021a"
"dcd81314-631a-48dd-826e-746b4b4f4f0e","Kaputa","1b459d67-1050-4f11-94b9-33687d85021a"
"9f25675d-54ad-4f60-b3c8-9dd017c3309b","Kasama","1b459d67-1050-4f11-94b9-33687d85021a"
"94148f50-d752-4687-8101-ff386b5b1935","Lunte","1b459d67-1050-4f11-94b9-33687d85021a"
"4404dbba-944a-4c44-b6c6-8c8bd4c90e07","Lupososhi","1b459d67-1050-4f11-94b9-33687d85021a"
"06b93480-b909-41c5-8287-6044034780df","Luwingu","1b459d67-1050-4f11-94b9-33687d85021a"
"d23744ca-53ff-4092-a4c1-dc576e50ef02","Mbala","1b459d67-1050-4f11-94b9-33687d85021a"
"3e8688fa-f1e6-4c41-95b1-32ef5e698a9a","Mporokoso","1b459d67-1050-4f11-94b9-33687d85021a"
"0df91151-ecf0-4d86-8255-a0269fe8a1e6","Mpulungu","1b459d67-1050-4f11-94b9-33687d85021a"
"9ef87505-6b01-46b1-a81b-ae6008d7178e","Mungwi","1b459d67-1050-4f11-94b9-33687d85021a"
"ee9990c1-574c-4f55-a87d-90207e6c507f","Nsama","1b459d67-1050-4f11-94b9-33687d85021a"
"0112862b-5f90-4b67-b6aa-e53da5f2e5f3","Senga","1b459d67-1050-4f11-94b9-33687d85021a"
"6e09ddfb-a869-4d64-8e30-e5255d224f7f","Chavuma","a876bba9-e289-45ee-9c45-15cdea09ab92"
"77ecf225-3b50-4178-8072-78c1b4991984","Ikelenge","a876bba9-e289-45ee-9c45-15cdea09ab92"
"9c8791c1-3948-43f5-adef-f78be1febeb6","Kabompo","a876bba9-e289-45ee-9c45-15cdea09ab92"
"385980be-03e4-415a-92dc-0257a8b5995f","Kasempa","a876bba9-e289-45ee-9c45-15cdea09ab92"
"d5492e1a-6101-4484-b8ec-2a25b7b458ca","Kalumbila","a876bba9-e289-45ee-9c45-15cdea09ab92"
"4b8b7223-fcdf-4077-8daf-f84a34aad493","Manyinga","a876bba9-e289-45ee-9c45-15cdea09ab92"
"a18b8f0f-8f7a-4b62-94bb-9ed8df280688","Mufumbwe","a876bba9-e289-45ee-9c45-15cdea09ab92"
"36929cfa-7145-46d6-90a5-27768a4194bf","Mushindamo","a876bba9-e289-45ee-9c45-15cdea09ab92"
"b8515f08-a831-4e3c-a5da-08117f7cdd9a","Mwinilunga","a876bba9-e289-45ee-9c45-15cdea09ab92"
"f7ecb6dc-0e82-403d-903b-3f1cbaa0f7c6","Solwezi","a876bba9-e289-45ee-9c45-15cdea09ab92"
"8b8646c1-b577-4ee1-9e6e-cd4ef5eedae0","Zambezi","a876bba9-e289-45ee-9c45-15cdea09ab92"
"8d32df76-dfc5-4774-ad77-0aaf6092651b","Chikankata","c01a9b3a-65a8-4c6b-8f53-fa141ae5d5f0"
"5ce6a37b-b23c-4221-a41f-5d8407bcd07c","Chirundu","c01a9b3a-65a8-4c6b-8f53-fa141ae5d5f0"
"159256a8-85d3-4128-a555-971be2f61535","Choma","c01a9b3a-65a8-4c6b-8f53-fa141ae5d5f0"
"72179ba4-88ab-417a-9df8-523ef461d0a7","Gwembe","c01a9b3a-65a8-4c6b-8f53-fa141ae5d5f0"
"20bc13b1-51e6-49b0-8551-94dd9f4d9f14","Itezhi-Tezhi","c01a9b3a-65a8-4c6b-8f53-fa141ae5d5f0"
"d400949e-44f9-493c-b7b1-ea5ad6dc8e33","Kalomo","c01a9b3a-65a8-4c6b-8f53-fa141ae5d5f0"
"3af9233a-3b54-4a28-b5b4-802125fedd05","Kazungula","c01a9b3a-65a8-4c6b-8f53-fa141ae5d5f0"
"e01916d0-0c65-42af-9292-627337d746c5","Livingstone","c01a9b3a-65a8-4c6b-8f53-fa141ae5d5f0"
"9a20e340-af20-4687-8c04-ac78ab9f4486","Mazabuka","c01a9b3a-65a8-4c6b-8f53-fa141ae5d5f0"
"e36c1d10-0c5a-4826-9e96-d0ec70f685af","Monze","c01a9b3a-65a8-4c6b-8f53-fa141ae5d5f0"
"8d7ef830-f50b-4991-9b01-ee13940716ee","Namwala","c01a9b3a-65a8-4c6b-8f53-fa141ae5d5f0"
"654487ce-791d-4d74-b7a3-ca9dc2d6ccbc","Pemba","c01a9b3a-65a8-4c6b-8f53-fa141ae5d5f0"
"9e9c77ed-3eee-41c6-8a44-c2468ef5720e","Siavonga","c01a9b3a-65a8-4c6b-8f53-fa141ae5d5f0"
"283aa344-3ba2-430e-92d5-2ced2c08c976","Sinazongwe","c01a9b3a-65a8-4c6b-8f53-fa141ae5d5f0"
"842731fc-3bf6-43c0-a1e9-29bebbc39a04","Zimba","c01a9b3a-65a8-4c6b-8f53-fa141ae5d5f0"
"0ffcdeff-a421-4e98-a976-a7ec90c1bcdf","Kalabo","0bb42198-e82a-433a-bb0f-4a47daedf8e7"
"68c4ed08-5816-4b92-8252-4f0dfb76dde4","Kaoma","0bb42198-e82a-433a-bb0f-4a47daedf8e7"
"fc820940-319e-4d3b-868c-7302ec690520","Limulunga","0bb42198-e82a-433a-bb0f-4a47daedf8e7"
"60103f9b-0132-42db-8449-86a30f02d1a1","Luampa","0bb42198-e82a-433a-bb0f-4a47daedf8e7"
"892a9101-6721-4b9a-91a7-247deb094883","Lukulu","0bb42198-e82a-433a-bb0f-4a47daedf8e7"
"fd10018b-3b9a-42bd-86a1-d4000a45b4c5","Mitete","0bb42198-e82a-433a-bb0f-4a47daedf8e7"
"d84825ea-923d-499c-a947-ea63841bb9b0","Mongu","0bb42198-e82a-433a-bb0f-4a47daedf8e7"
"1467714e-ba3c-4253-8e72-9bc16da2e0a1","Mulobezi","0bb42198-e82a-433a-bb0f-4a47daedf8e7"
"b9d39d19-6bd3-4c6e-9632-686af5e143e2","Mwandi","0bb42198-e82a-433a-bb0f-4a47daedf8e7"
"f4b871ad-7a5b-485e-9d37-4d2f976ce8ab","Nalolo","0bb42198-e82a-433a-bb0f-4a47daedf8e7"
"21a0c6a2-d833-419c-850b-80aef8426221","Nkeyema","0bb42198-e82a-433a-bb0f-4a47daedf8e7"
"40ada3da-de6a-4416-8e54-64bcd1ffb6b7","Senanga","0bb42198-e82a-433a-bb0f-4a47daedf8e7"
"311a48ff-ddd3-4964-8d51-de4ce3a0fe99","Sesheke","0bb42198-e82a-433a-bb0f-4a47daedf8e7"
"6a7cfce9-84f1-4176-bfda-d1aef81c59aa","Shang'ombo","0bb42198-e82a-433a-bb0f-4a47daedf8e7"
"5b79aa90-740d-4336-860a-6cf68b19f11a","Sikongo","0bb42198-e82a-433a-bb0f-4a47daedf8e7"
"816b6ba9-cb50-41b9-8768-8edf4e995104","Sioma","0bb42198-e82a-433a-bb0f-4a47daedf8e7"
