installed_rank,version,description,type,script,checksum,installed_by,installed_on,execution_time,success
"1","0","init scheme","SQL","V0__init_scheme.sql","-1562592384","postgres","2023-11-13 14:58:10.775878","153","t"
"2","1","set null on delete","SQL","V1__set_null_on_delete.sql","1727451289","postgres","2023-11-13 14:58:11.049538","56","t"
"3","2","add transfer requests","SQL","V2__add_transfer_requests.sql","457870400","postgres","2023-11-13 14:58:11.16511","36","t"
"4","3","countries provinces districts table","SQL","V3__countries_provinces_districts_table.sql","-773507255","postgres","2023-11-13 14:58:11.225047","140","t"
"5","4","add country id to roles","SQL","V4__add_country_id_to_roles.sql","1253777362","postgres","2023-11-13 14:58:11.482282","11","t"
"6","5","add death type to events","SQL","V5__add_death_type_to_events.sql","816873671","postgres","2023-11-13 14:58:11.519603","4","t"
"7","6","remove counts","SQL","V6__remove_counts.sql","235509739","postgres","2023-11-13 14:58:11.535937","15","t"
"8","7","countries provinces districts as foreign keys","SQL","V7__countries_provinces_districts_as_foreign_keys.sql","1576488","postgres","2023-11-13 14:58:11.568703","75","t"
"9","8","notification","SQL","V8__notification.sql","1041483232","postgres","2023-11-13 14:58:11.687848","40","t"
"10","9","add latitude longitude to events","SQL","V9__add_latitude_longitude_to_events.sql","191928312","postgres","2023-11-13 14:58:11.746112","5","t"
"11","10","add national id to users","SQL","V10__add_national_id_to_users.sql","1405490601","postgres","2023-11-13 14:58:11.764346","13","t"
"12","13","add role to events","SQL","V13__add_role_to_events.sql","-92115383","elivestock_ddl","2023-11-22 12:50:21.625216","6","t"
"13","11","add expiration datetime to reset password tokens","SQL","V11__add_expiration_datetime_to_reset_password_tokens.sql","1012937513","elivestock_ddl","2023-12-14 11:56:40.593968","5","t"
"14","12","notifications drop not null","SQL","V12__notifications_drop_not_null.sql","-1299689669","elivestock_ddl","2023-12-14 11:56:40.620313","2","t"
"15","14","add country id and is communal to diptanks","SQL","V14__add_country_id_and_is_communal_to_diptanks.sql","-284855143","elivestock_ddl","2023-12-14 11:56:40.63523","7","t"
"16","15","add communal farms","SQL","V15__add_communal_farms.sql","-760325081","elivestock_ddl","2023-12-14 11:56:40.659402","6","t"
"17","16","add communal animals","SQL","V16__add_communal_animals.sql","-1239746992","elivestock_ddl","2023-12-14 11:56:40.678082","2","t"
"18","17","remove org id from events","SQL","V17__remove_org_id_from_events.sql","1148384042","elivestock_ddl","2024-02-01 10:00:19.833765","7","t"
"19","18","add communal herds","SQL","V18__add_communal_herds.sql","601777170","elivestock_ddl","2024-02-01 10:00:19.861778","2","t"
"20","19","remove cascade on animals","SQL","V19__remove_cascade_on_animals.sql","2084847849","elivestock_ddl","2024-02-01 10:00:19.875061","18","t"
"21","20","add herd change event","SQL","V20__add_herd_change_event.sql","-19615974","elivestock_ddl","2024-02-12 10:08:07.596519","27","t"
"22","21","add animal transfer event","SQL","V21__add_animal_transfer_event.sql","-448929718","elivestock_ddl","2024-02-15 14:01:04.805971","22","t"
"23","22","add blockchain payload","SQL","V22__add_blockchain_payload.sql","-1990870629","elivestock_ddl","2024-06-12 07:05:14.799527","19","t"
