id,created_at,updated_at,email,first_name,last_name,password,phone_number,national_id_number
"7dfee07c-2c7f-42dd-8d69-a759c7805b52","2023-11-14 07:04:19.428678","2023-11-14 07:04:19.428739","chrisl@elivestockglobal.com","Chris","Light",,"",
"acd2d85b-bb71-45ac-b5dd-d2b1cc0d62c3","2023-11-14 07:04:20.654291","2023-11-14 07:05:13.38476","m.medved@nchain.com","Mihael","Medved","$2a$10$UgcqONsO1jInca7018qf9u/Te0cZU6cX38HA07G9z3OBuVi0mGT6.","",
"8faaee24-ae5f-44c8-9ba2-fbe76c636935","2023-11-14 07:04:20.343065","2023-11-14 07:05:39.188313","maxm@elivestockglobal.com","Max","Makuvise","$2a$10$z.VqnWl2qlglpLvXNYflWOJ.pCfDPBlOszBEMvmtndybtFhHeLxoC","",
"bd4330bc-c013-441e-baff-38c72fb76c97","2023-11-14 10:20:13.65839","2023-11-14 10:20:13.658406","vanturqa+1@gmail.com","Nives","Farmer","$2a$10$w9Qyl.HdEyxgKZeN2azHtOOEy31ZEaImUSp91IyZH6ruRxP1yBrHq","+26367890",
"699c9a4f-6ca1-4755-a7c0-823cb4ff0d89","2023-11-14 10:23:10.553314","2023-11-14 10:23:10.553332","vanturqa+3@gmail.com","Nives","Admin",,"+26356789",
"0a7ba1d4-bd30-435a-92fb-a24914f55d93","2023-12-22 11:05:34.178311","2023-12-22 11:05:34.178325","mihael.medo123+654@gmail.com","sadfasd","dsadasdsa","$2a$10$HCvyXE1w8qAJ8F4s2fkxd.o2QyZmTyBv9uDIDrCpjVAk60P7G0Jg6","+1222332233223",
"368f4edb-2e1d-4d01-b263-32c8ac7e672e","2023-11-14 10:21:31.80525","2024-02-06 11:58:20.142177","vanturqa+2@gmail.com","Nives","Farmer","$2a$10$JsI1JW6nviq9.iDlTaAxuuumi21p9dCLD2iJW/IA.cQa.vVu2DaZy","+263567890356",
"5bd740cc-5a7a-4c76-aba0-2f393ac542ab","2023-11-14 12:24:22.51824","2023-11-14 12:25:28.4822","maxmakuvise@gmail.com","Max","Makuvise","$2a$10$LuuXyUyFD31IoRqG3Q1KBOhQjFyneW8Bh/HfQ9AdRTyMKtRstEk8K","+263772573310",
"36ee75c5-132a-4963-bbd4-62d57d904104","2023-11-14 12:30:42.556488","2023-11-14 12:58:21.796886","gertiem@makera.co.zw","Gertie","Makuvise","$2a$10$36YoxDPrxSTIAMwVnw3YhOT6hiXPW/DqwGuBn3lsOc2S4DeAHNcSi","+263773542363",
"2391cfee-9508-4961-827b-a1b962144c81","2023-12-20 07:14:47.105674","2023-12-20 07:15:52.610612","vanturqa+off@gmail.com","Nives","Officer","$2a$10$IBxTudg6tvEvqZAP4mGexe.dct1OO4ATO4s5ELTYKHDRrpB.HXzZK","+26334567890",
"51734f0e-0e5a-49de-b141-b3a549232b77","2023-12-20 07:18:10.101775","2023-12-20 07:18:10.101784","vantur@gmail.com","Nives",,,"+263657890","3478920"
"0801ec77-4c26-4185-ac1c-720fa9acbd68","2023-11-15 13:20:04.769379","2023-11-15 13:20:39.677336","m.medved+stgadmin@nchain.com","Test","test","$2a$10$2bXluW.KmQZjMA27zEYIXeaURGLaHoyKU2ssmdL9AEtB4DvDMJjai","+26323233223",
"48aa6b4e-03a7-458a-82cb-6d61df9da37f","2023-11-17 07:51:17.467052","2023-11-17 07:51:17.467084","vanturqa+01@gmail.com","Nives","Admin",,"+2634567890",
"c24b78c1-d66b-4166-9c1b-3bb89d29a1a4","2023-11-17 15:47:41.33712","2023-11-17 15:47:41.337122","mihael.medo123+1111@gmail.com","dfdsfs","fsdfsfd","$2a$10$0tXcZ/oif/ifFfqy9o8GO.vZOqx3aoE5xa8wyJbHp266YzpT3sj3K","+2632432433232",
"2d551344-ba70-42d6-bfd9-4b8837d4d260","2023-12-03 16:38:04.247646","2023-12-11 15:21:38.923479","ammakuvise@gmail.com","Alex","Makuvise","$2a$10$AEsD67a3rFYR9S/RQRV6F.0EMOlD7GmZymNigRAu6DayuupxKQS5u","+447494025811",
"7fcb04cc-3a7c-4a3e-8d72-da085195d6bf","2023-12-14 09:48:36.804847","2023-12-14 09:48:36.804853","vanturqa+001@gmail.com","Nives","Farmer",,"+26343567890",
"98f65688-7e16-416c-956f-71381b26155e","2023-12-14 09:47:49.275606","2023-12-14 09:49:07.987779","vanturqa+adm@gmail.com","Vantur","Admin","$2a$10$nDeV2jvRYRvnoWrqMaCJ5.PKZ1nImSruVBA3eX6/EICyzGAKqMr6.","+2634567890",
"a1dbfb6b-49d6-4110-aa61-25b5c413a650","2023-11-15 11:35:26.595511","2023-11-15 11:35:26.59552","p.palmer+s@nchain.com","Pascal","Palmer","$2a$10$COXfzG2f/iXLpJ2hkmeXo.EdHGnqWINn.DCrzEtJHqL2rHsEAtieO","+263111111111",
"43dba11c-2421-4361-a1ce-24c0e7350b0b","2023-12-14 11:48:08.099421","2023-12-14 11:48:08.099428","vanturqa+012@gmail.com","Test","Test",,"+263456789",
"e35a9db7-f10c-42e6-9ed4-1dacd96a694e","2024-01-05 12:30:09.183187","2024-01-05 12:30:09.183191","vantur1@gmail.com","Nives",,,"23678910","652371890"
"6a54a396-eeef-41d6-b3ea-f25dd389451d","2023-12-19 13:53:37.35639","2023-12-19 14:11:08.314866","vanturqa+vet@gmail.com","Nives","Vet","$2a$10$COXfzG2f/iXLpJ2hkmeXo.EdHGnqWINn.DCrzEtJHqL2rHsEAtieO","+263567890",
"a9c8d7bf-f387-4a3b-9fea-324873bd66bd","2023-12-19 13:53:10.139851","2023-12-19 14:12:19.877605","vanturqa+pol@gmail.com","Nives","Policeman","$2a$10$pyMzEX9WVQ6iv8GgCNo4VO5SuXch1t38RxJB9MsALLO1.Q8GXq6Ra","+2634567890",
"f4606425-d8e4-41b9-822a-742fe51b7edf","2023-12-20 07:40:40.182311","2023-12-20 07:40:56.552294","vanturqa+p@gmail.com","Nives","Officer","$2a$10$uGJR2MPlaUWpMb.sJ7czse.kC4oB1XmB/q8qVKk9SsPSnaa5SPECe","+5984567890",
"04d36c5e-efca-4e47-841f-82ceaca76cbf","2023-11-14 10:50:40.029052","2024-02-12 08:10:09.617037","a.krajnik@nchain.com","Aleks","Test","$2a$10$7Wg70WiGJKnVrPO.eU/lvehMpoEUXy4oYTFVMgqLUJmRiCJnsZMBW","+26344444578",
"75c0ceee-62e3-499f-871c-ac0adc5abe91","2023-12-21 11:52:38.635353","2023-12-21 11:54:45.21408","vanturqa+66@gmail.com","Nives","Test","$2a$10$3UErna9vIb4dcRPAX0XhLOr.tbkUL3BVx4j3t1aG2VRmVSF8qU.Vy","+26354666487",
"9f962db3-1622-4eea-a693-e10688b21d60","2023-12-21 12:05:12.471903","2023-12-21 12:06:31.660217","vanturqa+s@gmail.com","Nives","Superuser","$2a$10$B1lJFhNLAwIfXRu1wG0.SOo/BuPV9iSXh.EGayl262otxZjCZ0ZHy","37628901",
"9b4c17ba-e78d-4e9c-9af9-7b94ad8c68ba","2023-12-14 08:24:24.455247","2023-12-21 12:37:06.452701","vanturqa+d@gmail.com","Vantur","Delete","$2a$10$AWUxDmsazK8DmMeGuyoZUe4mPMshkScYauYZXeMTbT4VnRc2iLn6a","+26345678900",
"405d6eed-ce53-49ff-b576-1e0d9f3b67fd","2024-01-04 09:49:46.560078","2024-01-04 09:56:06.117892","ajb.zim@gmail.com","Shaudai","Shaudai","$2a$10$FIerjOp25YsIJQkzfOL56eO0zdfGwmibOAPW4wT4rWVRkGlV1/THC","+263780428651",
"8887fe29-1807-40cd-b7fb-29502ea03fd9","2023-12-21 12:37:33.205619","2023-12-21 12:45:05.986012","vanturqa+del@gmail.com","Test","test","$2a$10$Z911m/IRZERwY3Laik0zLue4IhUhNTaz7uMMHAdBTE2h25GCZ5Ezq","+263567890",
"3878d01d-ece2-4f3e-aecb-56bc072d090f","2023-12-21 13:37:01.866832","2023-12-21 13:37:01.866837","vanturqa+vt@gmail.com","Nives","Teat","$2a$10$b4dMzUU.egSl480iny3.kuAagXMVwMrFGAd0qQIl3XQYlAOu9IlDu","+26351646454646454",
"a234a976-8927-4721-aa91-8532daca1126","2023-12-21 13:44:58.069479","2023-12-21 13:44:58.069486","vabana@gmail.comg","HajJ","BanNbanzn","$2a$10$g5ndif83bvYkq2V7lB6ZsOuqh4ZrX36R5NXgFx2JDsHaT93TdHVOW","+2634964646464",
"9fe0391c-f120-4a75-a176-dbef9c748ef9","2023-11-14 10:19:01.119517","2023-12-21 14:00:35.385088","vanturqa@gmail.com","Nives","Test","$2a$10$JzsgHZ377LSnivkhQsDtuOmbChjfpCec6ujAT2JdOhTILDRQMuOVa","+263657890",
"5909d116-2ceb-4c7a-a0b8-4db00483beda","2023-12-21 14:42:16.291657","2023-12-21 14:43:01.602906","vanturqa+o@gmail.com","Nives","Officer","$2a$10$6W.QeC/m9mdih7tmtVdxHu76M.LQ42HvrjUh2rAWRUjpR.N/yyzH6","+263567890",
"fd825e1f-a5f0-4b5a-b916-a0fbd53020e5","2024-01-04 09:28:46.045581","2024-01-04 09:30:07.922045","admiresean@gmail.com","Sekwa","Sekwa","$2a$10$1gTo6L7uuVZLRaXN./VQeu2PYTs.idg3jNhZyO.9PdXxQlGMxum42","+263772559260",
"e97138aa-edf1-4541-b19d-06bb4b5900f9","2024-01-04 09:31:41.522222","2024-01-04 09:34:16.092784","allister@rlms.co.zw","Allister","Banks","$2a$10$myeZ/oXy/hsvrh0NBQvsyOqFg5mcB9iS9XPVVgnlJuE6p8UWV1.ZG","+263772913595",
"b00baa38-44c5-412c-9a07-5055e449198a","2023-11-14 07:04:20.487713","2024-01-04 09:38:30.11299","admires@elivestockglobal.com","Admire","Sekwa","$2a$10$lnQlsiiFdxWNs5P0TED2duKLo41tYiW3AyHG26etXBalKUYEWkWgW","",
"74e1e2cd-0f94-42ed-87b9-2b7208fdf2f3","2024-01-04 09:40:55.437023","2024-01-04 09:40:55.437029","admire@cawntech.co.zw","Sean","Sekwa",,"+263772672835",
"0bf87e0d-5b64-4452-91db-90c4a0b33ce1","2024-01-04 09:56:27.934519","2024-01-04 09:58:18.481092","admireelivestock@gmail.com","Ciara","Sekwa","$2a$10$80FdSxJ1At9m1voZZAXNEOTPxVvt.EDEgPYxO/BNJSk/HejZBoq7S","+263772672835",
"e6b2fada-b406-4bbb-b0f5-71d150cd1c8a","2023-12-15 13:44:51.683227","2024-01-04 10:33:06.128214","allisterb@elivestockglobal.com","Allister","Banks","$2a$10$NOmaaARfibPfiKAn85W2o.Sg81Gq3Rqj4iYQg4CXOJc8EERIqh.v6","000000000",
"fbe8331b-8631-418d-8dba-d8b94415d53e","2024-01-05 12:45:03.315424","2024-01-05 12:45:03.315428","vanturqa3@gmail.com","Testing",,,"+2634567890","36728910"
"878d7527-8448-469c-8e15-12ef8d861a67","2024-01-08 11:08:24.335375","2024-01-08 11:08:24.335379","vanturqa4@gmail.com","Farmer Test",,,"+26334567890","123456789"
"75ff2d4c-7f45-4fb0-af41-d223175404ce","2024-01-08 12:43:52.819502","2024-01-08 12:44:19.640483","vanturqa+zim@gmail.com","Nives","Vet","$2a$10$1JRyBGwjpVRaUC4g3EeXc.FyH0j3IPYvbeNGAUzu0diQJ4UN3HvWG","+26334567890",
"7fd499ad-32ab-4b12-aa71-8dfd9433087e","2024-01-18 20:32:56.593896","2024-01-18 20:32:56.593903","vanturqa+vdo1@gmail.com","Nives","Test",,"+2634567890",
"e1b4124e-d903-4aa2-8e3f-d0096bfe0706","2024-01-18 20:33:49.74548","2024-01-18 20:33:49.745486","vanturqa+vdo123@gmail.com","Nives","Test",,"+2635467890",
"6449db6b-6750-4e1a-8a93-75b98e1f080f","2023-12-14 10:27:31.246721","2024-01-30 14:06:01.781833","a.krajnik+1@nchain.com","A","Test",,"+26334567890",
"0d154752-52f9-454b-96be-e23ed7752bb2","2023-12-14 10:32:57.157065","2024-01-30 14:06:06.661091","a.krajnik+2@nchain.com","a","Test",,"+26343567890",
"97fba121-aff7-4c74-8347-fa8c0c47e3a1","2023-12-19 13:53:58.335645","2024-01-31 13:35:23.905343","vanturqa+vdm@gmail.com","Nives","Manager","$2a$10$xayEB6kJv3P2ZvtO3h38dO.SYUSP.WoZzn.cfMFcJAshohS5tjX7S","+2633456755","234567890"
"2942712d-96d7-413f-894a-0b4b10e2ed44","2024-01-19 13:12:37.843769","2024-01-19 13:14:28.386874","mihael.medo123+222@gmail.com","dadsdsa","dasdasads","$2a$10$.Nx5X4IF.hDGhnaE1TgFG.RbbOqtoR2ePvD63YDqgVGUXVQzAEpse","+263555555454","1111ee13131"
"3fcde20e-7b56-41a4-909f-0c16f43a376d","2024-01-19 13:30:37.565926","2024-01-19 13:30:37.565932","mihael.medo123+33555@gmail.com","dasd","asffsafsa",,"+263233333",
"da260582-a821-4d77-8a70-c30bf862531e","2024-01-19 13:40:48.032378","2024-01-19 13:40:48.032384","mihael.medo123+56656@gmail.com","MIhael","Medevd",,"+263333333",
"2d900d7f-4192-43f1-9209-e1901be62f3e","2024-01-24 13:27:28.304732","2024-01-24 13:27:28.304736","mihael.medo123+966@gmail.com","Test communal farmer",,,"+263772573310","123456E33"
"9aae3092-34e9-4ba5-820c-5570e3b7d283","2024-01-19 10:49:35.388118","2024-02-06 08:06:25.909866","vanturqa+000@gmail.com","Nives","Test",,"+263546789078",
"3922d988-254c-4048-bf60-b05dbe0f7d99","2024-02-06 11:59:21.415735","2024-02-06 11:59:21.415746","vanturqa+321@gmail.com","Nives","Test",,"+2635678903",
